"","Species","a50","a95","l50","l95"
"1","Dover",5.35239864679071,15.5615294672571,26.0275503060426,48.3037361534309
"2","English",0.68462531046193,10.9376625361637,28.7642057903178,39.995214214802
"3","Rock",2.15574842853689,9.98003739273544,30.3787561829144,41.0763841163738
"4","Petrale",5.45591827465661,9.6057788679617,34.7059415648546,43.77033566457
"5","Arrowtooth",4.99091371900258,9.61859545059457,36.0791465989548,49.7898342671786
