"","Species","a50","a95","l50","l95"
"1","Dover",5.35239864679085,15.5615294672569,26.0275503060416,48.3037361534306
"2","English",0.684625310461819,10.9376625361639,28.7642057903179,39.9952142148016
"3","Rock",2.15574842853744,9.98003739273585,30.3787561829171,41.0763841163781
"4","Petrale",5.45591827465646,9.60577886796156,34.7059415648558,43.7703356645708
"5","Arrowtooth",4.9909137190025,9.61859545059471,36.0791465989537,49.7898342671782
