,Species,a50,a95,l50,l95
1,Dover,5.352398647,15.56152947,26.02755031,48.30373615
2,English,3.68462531,10.93766254,28.76420579,39.99521421
3,Rock,2.155748429,9.980037393,30.37875618,41.07638412
4,Petrale,5.455918275,9.605778868,34.70594156,43.77033566
5,Arrowtooth,4.990913719,9.618595451,36.0791466,49.78983427