"","Species","a50","a95","l50","l95"
"1","Dover",5.23774072110267,15.6494381867538,25.8093732768171,48.4304287699807
"2","English",0.739943691787731,10.2990938371563,29.0434319151494,39.6670600174972
"3","Rock",3.57779472199201,9.56102566680505,30.4073300013645,40.7849784092651
"4","Petrale",5.45591827465661,9.6057788679617,34.7059415648546,43.77033566457
"5","Arrowtooth",5.09050285917253,9.5293549918354,36.2782267534987,49.6445243167225
