"","Species","lw.a","lw.b"
"1","Dover",4.98025088489996e-06,3.17887283135037
"2","English",6.28548161950022e-06,3.10297074078149
"3","Rock",5.16892324189706e-06,3.25658521295002
"4","Petrale",4.77175467875315e-06,3.2392951593623
"5","Arrowtooth",7.88344663879416e-06,3.03215487820296
